<Defs>
<!-- Player pawns -->
    <PawnKindDef Abstract="True" Name="BaseHalfDragon">
        <combatPower>100</combatPower>
        <isFighter>false</isFighter>
        <apparelIgnoreSeasons>true</apparelIgnoreSeasons>
        <forceNormalGearQuality>true</forceNormalGearQuality>
        <initialWillRange>10~25</initialWillRange>
    </PawnKindDef>
	
	<PawnKindDef ParentName="BaseHalfDragon">
        <defName>HalfDragon_colonist</defName>
        <label>Half Dragon colonist</label>
        <defaultFactionType>PlayerDragonColony</defaultFactionType>
        <race>HalfDragon</race>
        <chemicalAddictionChance>0</chemicalAddictionChance>
        <apparelTags>
          <li>IndustrialBasic</li>
        </apparelTags>
        <apparelAllowHeadgearChance>0</apparelAllowHeadgearChance>
        <apparelMoney>350~600</apparelMoney>
        <backstoryCryptosleepCommonality>1</backstoryCryptosleepCommonality>
        <techHediffsChance>0</techHediffsChance>
        <techHediffsTags>
          <li>Simple</li>
          <li>ImplantEmpireCommon</li>
        </techHediffsTags>
        <initialResistanceRange>25~50</initialResistanceRange>
    </PawnKindDef>
	
	<PawnKindDef ParentName="BaseHalfDragon">
        <defName>HalfDragon</defName>
        <label>Half Dragon</label>
        <defaultFactionType>PlayerDragonTribe</defaultFactionType>
        <race>HalfDragon</race>
        <chemicalAddictionChance>0</chemicalAddictionChance>
        <apparelTags>
            <li>Neolithic</li>
        </apparelTags>
        <apparelMoney>200~200</apparelMoney>
        <backstoryCryptosleepCommonality>0</backstoryCryptosleepCommonality>
        <techHediffsMoney>50~50</techHediffsMoney>
        <techHediffsTags>
            <li>Poor</li>
        </techHediffsTags>
        <techHediffsChance>0</techHediffsChance>
        <initialResistanceRange>20~30</initialResistanceRange>
    </PawnKindDef>
	
	<!-- ///   Outlander    /// -->

	<PawnKindDef>
		<defName>HD_mercenary</defName>
		<label>mercenary</label>
		<race>HalfDragon</race>
    	<combatPower>70</combatPower>
		<backstoryFiltersOverride>
			<li>
				<categories>
					<li>Offworld</li>
				</categories>
			</li>
		</backstoryFiltersOverride>
		<backstoryCryptosleepCommonality>1</backstoryCryptosleepCommonality>
		<itemQuality>Poor</itemQuality>
		<isFighter>true</isFighter>
		<gearHealthRange>0.2~2.0</gearHealthRange>
		<weaponTags>
			<li>MedievalMeleeBasic</li>
			<li>MedievalMeleeDecent</li>
			<li>MedievalMeleeAdvanced</li>
		</weaponTags>
		<weaponMoney>65~250</weaponMoney>
		<apparelMoney>200~400</apparelMoney>
		<apparelAllowHeadgearChance>0.4</apparelAllowHeadgearChance>
		<techHediffsChance>0.06</techHediffsChance>
		<techHediffsMoney>50~600</techHediffsMoney>
		<techHediffsTags>
			<li>Poor</li>
			<li>Simple</li>
			<li>ImplantEmpireCommon</li>
		</techHediffsTags>
		<initialWillRange>5~8</initialWillRange>
		<initialResistanceRange>17~21</initialResistanceRange>
	</PawnKindDef>
	
	<!-- ///     Spacer     /// -->

	<PawnKindDef ParentName="SpaceRefugeeBase">
		<defName>HD_spacerefugee</defName>
		<label>space refugee</label>
		<race>HalfDragon</race>
		<backstoryFiltersOverride Inherit="False">
			<li>
				<categories>
					<li>Offworld</li>
				</categories>
			</li>
		</backstoryFiltersOverride>
		<apparelMoney>0~1000</apparelMoney>
		<initialWillRange>1~7</initialWillRange>
		<initialResistanceRange>15~21</initialResistanceRange>
	</PawnKindDef>

	<PawnKindDef ParentName="SpaceRefugeeBase">
		<defName>HD_spacerefugee_clothed</defName>
		<label>space refugee</label>
		<race>HalfDragon</race>
		<backstoryFiltersOverride Inherit="False">
			<li>
				<categories>
					<li>Offworld</li>
				</categories>
			</li>
		</backstoryFiltersOverride>
		<apparelMoney>200~1000</apparelMoney>
		<gearHealthRange>1~1</gearHealthRange>
		<disallowedTraits>
			<li>Nudist</li>
		</disallowedTraits>
		<initialWillRange>1~7</initialWillRange>
		<initialResistanceRange>1~5</initialResistanceRange>
	</PawnKindDef>
	
	<!-- ///	 Tribal     /// -->
	
	<PawnKindDef>
		<defName>HD_tribal_guard</defName>
		<label>totem</label>
		<race>HalfDragon</race>
		<defaultFactionType>TribeCivil</defaultFactionType>
    	<combatPower>70</combatPower>
    	<canBeSapper>true</canBeSapper>
		<backstoryFiltersOverride Inherit="False">
			<li>
				<categories>
					<li>Tribal</li>
				</categories>
			</li>
		</backstoryFiltersOverride>
		<backstoryCryptosleepCommonality>1</backstoryCryptosleepCommonality>
		<gearHealthRange>0.5~1.8</gearHealthRange>
		<apparelMoney>200~300</apparelMoney>
		<apparelRequired>
			<li>Apparel_TribalHeaddress</li>
		</apparelRequired>
		<weaponMoney>300~300</weaponMoney>
		<weaponTags>
		    <li>MedievalMeleeBasic</li>
			<li>NeolithicMeleeAdvanced</li>
		</weaponTags>
		<initialWillRange>2~4</initialWillRange>
		<initialResistanceRange>10~16</initialResistanceRange>
	</PawnKindDef>
	
	<!-- ///	 Pirate     /// -->
	
	
  <PawnKindDef>
    <defName>HD_Pirate</defName>
    <label>pirate</label>
    <race>HalfDragon</race>
	<defaultFactionType>Pirate</defaultFactionType>
    <combatPower>100</combatPower>
    <maxGenerationAge>100</maxGenerationAge>
    <gearHealthRange>0.7~2.3</gearHealthRange>
    <apparelMoney>400~1000</apparelMoney>
    <apparelTags>
      <li>IndustrialBasic</li>
      <li>IndustrialAdvanced</li>
      <li>IndustrialMilitaryBasic</li>
      <li>IndustrialMilitaryAdvanced</li>
    </apparelTags>
    <apparelAllowHeadgearChance>0.7</apparelAllowHeadgearChance>
    <weaponMoney>250~345</weaponMoney>
    <weaponTags>
     <li>MedievalMeleeBasic</li>
     <li>MedievalMeleeDecent</li>
    </weaponTags>
    <techHediffsChance>0.04</techHediffsChance>
    <techHediffsMoney>50~800</techHediffsMoney>
    <techHediffsTags>
      <li>Poor</li>
      <li>Simple</li>
      <li>ImplantEmpireCommon</li>
    </techHediffsTags>
    <inventoryOptions>
      <skipChance>0.9</skipChance>
      <subOptionsChooseOne>
        <li>
          <thingDef>MedicineIndustrial</thingDef>
          <countRange>1</countRange>
        </li>
      </subOptionsChooseOne>
    </inventoryOptions>
    <biocodeWeaponChance>0.2</biocodeWeaponChance>
    <initialWillRange>5~8</initialWillRange>
    <initialResistanceRange>10~17</initialResistanceRange>
  </PawnKindDef>

</Defs>