<Defs>

   <FactionDef ParentName="PlayerFactionBase">
        <defName>PlayerDragonColony</defName>
        <label>New Half-Dragons Arrivals</label>
        <description>A colony of recently-arrived off-world Half-Dragons.</description>
        <isPlayer>true</isPlayer>
        <basicMemberKind>HalfDragon_colonist</basicMemberKind>
        <pawnSingular>Half-Dragon</pawnSingular>
        <pawnsPlural>Half-Dragons</pawnsPlural>
        <techLevel>Industrial</techLevel>
        <backstoryFilters>
          <li>
            <categories>
              <li>Offworld</li>
            </categories>
          </li>
        </backstoryFilters>
        <factionIconPath>label/PlayerColony</factionIconPath>
        <playerInitialSettlementNameMaker>NamerInitialSettlementColony</playerInitialSettlementNameMaker>
        <factionNameMaker>NamerFactionOutlander</factionNameMaker>
        <settlementNameMaker>NamerSettlementOutlander</settlementNameMaker>
        <geneticVariance>1</geneticVariance>
        <startingResearchTags>
          <li>ClassicStart</li>
        </startingResearchTags>
        <startingTechprintsResearchTags>
          <li>ClassicStart</li>
          <li>ClassicStartTechprints</li>
        </startingTechprintsResearchTags>
        <apparelStuffFilter>
          <thingDefs>
            <li>Synthread</li>
          </thingDefs>
        </apparelStuffFilter>
    </FactionDef>
	
	<FactionDef ParentName="PlayerFactionBase">
        <defName>PlayerDragonTribe</defName>
        <label>New Half-Dragon Tribe</label>
        <description>A small tribe of Half-Dragons.</description>
        <isPlayer>true</isPlayer>
        <pawnSingular>Half-Dragon</pawnSingular>
        <pawnsPlural>Half-Dragons</pawnsPlural>
        <basicMemberKind>HalfDragon</basicMemberKind>
        <techLevel>Neolithic</techLevel>
        <backstoryFilters>
            <li>
                <categories>
                  <li>Tribal</li>
                </categories>
            </li>
        </backstoryFilters>
        <factionIconPath>label/PlayerColony</factionIconPath>
        <settlementTexturePath>World/WorldObjects/TribalSettlement</settlementTexturePath>
        <playerInitialSettlementNameMaker>NamerInitialSettlementColony</playerInitialSettlementNameMaker>
        <factionNameMaker>NamerFactionTribal</factionNameMaker>
        <settlementNameMaker>NamerSettlementTribal</settlementNameMaker>
        <geneticVariance>1</geneticVariance>
        <forageabilityFactor>1.7</forageabilityFactor>
        <startingResearchTags>
            <li>TribalStart</li>
        </startingResearchTags>
        <startingTechprintsResearchTags>
            <li>TribalStart</li>
            <li>TribalStartTechprints</li>
        </startingTechprintsResearchTags>
        <recipePrerequisiteTags>
            <li>Tribal</li>
        </recipePrerequisiteTags>
    </FactionDef>

</Defs>