<?xml version="1.0" encoding="utf-8"?>
<ModMetaData>
  <name>Half dragons</name>
  <author>Monti, Caulaflower</author>
  <packageId>Monti.HalfDragons</packageId>
  <supportedVersions>
  
  <li>1.3</li>
  
  </supportedVersions>
  <modDependencies>
		<li>
			<packageId>erdelf.HumanoidAlienRaces</packageId>
			<displayName>Humanoid Alien Race Framework</displayName>
			<steamWorkshopUrl>steam://url/CommunityFilePage/839005762</steamWorkshopUrl>
		</li>
  </modDependencies>
  <loadAfter>
		<li>erdelf.HumanoidAlienRaces</li>
  </loadAfter>
  <incompatibleWith>
		<li>EdB.PrepareCarefully.UnofficialPatch</li>
  </incompatibleWith>
  <description>

    

  </description>
</ModMetaData>